From*, To*, Rate, 
2,4,0.014524851, 
6,2,0.00474924, 
6,4,0.000678463, 
7,2,0.001427056, 
7,4,0.000292729, 
9,2,0.092931947, 
9,4,0.006350399, 
11,2,0.001865672, 
11,4,0.056799337, 
14,2,0.010051483, 
14,4,0.096347144, 
