From*, To*, Rate
2,4,0.001349359694305
2,9,0
7,2,0.000160515588184
7,4,3.33145560381119E-05
7,9,0.000233201892267
9,2,0.025
9,4,0.000645377130099
11,2,0.006254205755453
11,4,0.002533349166766
11,9,0.009697977279025
